epoch,time,train/box_loss,train/cls_loss,train/dfl_loss,metrics/precision(B),metrics/recall(B),metrics/mAP50(B),metrics/mAP50-95(B),val/box_loss,val/cls_loss,val/dfl_loss,lr/pg0,lr/pg1,lr/pg2
1,395.822,1.49075,1.95974,1.29823,0.43573,0.29554,0.25732,0.15181,1.51495,2.39773,1.44898,9.52728e-05,9.52728e-05,9.52728e-05
2,779.838,1.41021,1.40228,1.24437,0.47292,0.38016,0.33004,0.20313,1.53144,2.42164,1.44918,0.000167019,0.000167019,0.000167019
3,1160.79,1.38126,1.30632,1.22642,0.34347,0.42728,0.32562,0.20166,1.47388,2.45932,1.42789,0.000215169,0.000215169,0.000215169
4,1540.26,1.35961,1.22755,1.21924,0.37146,0.39461,0.3582,0.22899,1.45757,2.43012,1.41682,0.000179823,0.000179823,0.000179823
5,1918.89,1.32163,1.13272,1.19346,0.46521,0.43016,0.38104,0.24624,1.46025,2.34002,1.40467,0.00014443,0.00014443,0.00014443
6,2297.25,1.2944,1.05962,1.17703,0.40154,0.46582,0.39367,0.25633,1.44923,2.4338,1.41582,0.000109038,0.000109038,0.000109038
7,2673.95,1.26193,1.0006,1.16039,0.4237,0.40705,0.3844,0.25393,1.41673,2.45339,1.37454,7.3645e-05,7.3645e-05,7.3645e-05
8,3047.73,1.22927,0.93311,1.14202,0.43023,0.43597,0.3954,0.26456,1.41394,2.4718,1.36577,3.82525e-05,3.82525e-05,3.82525e-05
